Speaker,Time,Sex,Date,Club,TT,ON_OFF
Alex,40,1,11/11/2000,TMC,,1
Misha,30,1,11/11/2000,TMC,,1
Dmytro,120,1,11/11/2000,TMC,,1
Kusal,60,1,11/11/2000,TMC,,1
Mahmod,20,1,11/11/2000,TMC,,1
Swati,100,0,11/11/2000,TMC,,1
Ezia,84,0,11/11/2000,TMC,,1
Dmytro,40,1,11/11/2000,TMC,,1
Unknown,140,,2/12/2012,Omotesando Bilingual TMC,,1
Unknown,55,,2/12/2012,Omotesando Bilingual TMC,,1
Unknown,148,,2/12/2012,Omotesando Bilingual TMC,,1
Unknown,87,,2/12/2012,Omotesando Bilingual TMC,,1
本間,99,,10/20/2012,Omotesando Bilingual TMC,,1
Unknown,94,,10/20/2012,Omotesando Bilingual TMC,,1
Unknown,96,,10/20/2012,Omotesando Bilingual TMC,,1
Unknown,87,,10/20/2012,Omotesando Bilingual TMC,,1
Kurashima,89,,12/2/2012,Omotesando Bilingual TMC,,1
Homma,96,,12/2/2012,Omotesando Bilingual TMC,,1
Ahino,73,,12/2/2012,Omotesando Bilingual TMC,,1
Michoto,125,,4/12/2013,Shibuya TMC,,1
Allen,97,1,4/12/2013,Shibuya TMC,,1
Leo,76,1,4/12/2013,Shibuya TMC,,1
Koji,59,,4/12/2013,Shibuya TMC,,1
Inna,100,0,10/9/2013,Tokyo ESS TMC,,1
Tubuki,97,,10/9/2013,Tokyo ESS TMC,,1
Azu,94,,10/9/2013,Tokyo ESS TMC,,1
Hanzawu,110,,10/30/2013,Utsunomiya TMC,,1
Sumwet,122,,10/30/2013,Utsunomiya TMC,,1
Awaman,97,,10/30/2013,Utsunomiya TMC,,1
Miyoke,75,,10/30/2013,Utsunomiya TMC,,1
Tracy,80,0,10/30/2013,Utsunomiya TMC,,1
Acabe,118,,8/2/2016,Tokyo ESS TMC,,1
Inna,130,0,8/2/2016,Tokyo ESS TMC,,1
Fujita,115,0,8/2/2016,Tokyo ESS TMC,,1
Washi,120,,8/2/2016,Tokyo ESS TMC,,1
Haneda,123,,8/2/2016,Tokyo ESS TMC,,1
Taka,71,,9/22/2016,Shibuya TMC,,1
Miyaki,70,,9/22/2016,Shibuya TMC,,1
Yuko,81,,9/22/2016,Shibuya TMC,,1
Waon,157,,9/22/2016,Shibuya TMC,,1
Brian,90,1,9/22/2016,Shibuya TMC,,1
Naomi,100,0,7/7/2017,Shibuya TMC,,1
Tomomi,65,,7/7/2017,Shibuya TMC,,1
Yuji,90,1,7/7/2017,Shibuya TMC,,1
Jasmin,108,0,7/7/2017,Shibuya TMC,,1
Teppei,130,,7/7/2017,Shibuya TMC,,1
Hirano,140,,1/4/2018,Utsunomiya TMC,,1
Sano,137,,1/4/2018,Utsunomiya TMC,,1
Nomosu,104,,1/4/2018,Utsunomiya TMC,,1
Uno,70,,1/4/2018,Utsunomiya TMC,,1
Kimochi,75,1,1/24/2018,Mieki TMC,,1
Masui,63,,1/24/2018,Mieki TMC,,1
Ito,50,,1/24/2018,Mieki TMC,,1
Kyoko,87,,1/24/2018,Mieki TMC,,1
Nakagawa,104,,1/24/2018,Mieki TMC,,1
Amis,107,1,10/10/2018,Verbal Victory TMC,0,1
Pietr,117,1,10/10/2018,Verbal Victory TMC,0,1
Waldek,113,1,10/10/2018,Verbal Victory TMC,0,1
Justyr,120,1,10/10/2018,Verbal Victory TMC,0,1
Marta,83,0,10/10/2018,Verbal Victory TMC,0,1
Hanno,132,0,10/10/2018,Verbal Victory TMC,0,1
Kisho,135,0,10/10/2018,Verbal Victory TMC,1,1
Kaori ,88,0,11/17/2018,Omotesando Bilingual TMC,,1
Sumire Sato,136,0,11/17/2018,Omotesando Bilingual TMC,,1
Makuto,77,0,11/17/2018,Omotesando Bilingual TMC,,1
Sayatan,103,1,11/17/2018,Omotesando Bilingual TMC,,1
Sanjuook,97,0,11/17/2018,Omotesando Bilingual TMC,,1
Ichiro Naito,114,,11/22/2018,Tokyo Midtown TMC,1,1
Rajesh,84,1,11/22/2018,Tokyo Midtown TMC,0,1
Yumi,105,,11/22/2018,Tokyo Midtown TMC,0,1
Ohayama,145,,11/22/2018,Tokyo Midtown TMC,0,1
Morishita,132,,11/22/2018,Tokyo Midtown TMC,0,1
Alex,160,1,10/16/2019,Chamber,,1
Olha,154,0,10/16/2019,Chamber,,1
Artem,74,1,10/16/2019,Chamber,,1
Anna,90,0,10/16/2019,Chamber,,1
Ivan,132,1,10/16/2019,Chamber,,1
Vasyl,104,1,10/16/2019,Chamber,,1
Danylo,128,1,10/16/2019,Chamber,,1
Yuriy,108,1,10/16/2019,Chamber,,1
Kiki,100,0,10/23/2019,Chamber,0,1
Ivan,75,1,10/23/2019,Chamber,1,1
Martin,97,1,10/23/2019,Chamber,0,1
Maryna,90,0,10/23/2019,Chamber,0,1
Michael,100,1,10/23/2019,Chamber,0,1
Danylo,93,1,10/23/2019,Chamber,0,1
Anna,117,0,10/23/2019,Chamber,0,1
Martin,116,1,11/13/2019,Chamber,0,1
Michael,115,1,11/13/2019,Chamber,0,1
Andrew,94,1,11/13/2019,Chamber,0,1
Kiki,92,0,11/13/2019,Chamber,1,1
Vasyl,106,1,11/13/2019,Chamber,0,1
Ivan,90,1,11/13/2019,Chamber,0,1
Valerii,127,1,11/13/2019,Chamber,0,1
Alex,82,1,11/13/2019,Chamber,0,1
Anna,72,0,11/13/2019,Chamber,0,1
Olha,90,0,11/27/2019,Chamber,0,1
Bohdan,145,1,11/27/2019,Chamber,0,1
Dennis,75,1,11/27/2019,Chamber,0,1
Chan,90,0,11/27/2019,Chamber,1,1
Anton,101,1,11/27/2019,Chamber,0,1
Angelina,71,0,11/27/2019,Chamber,0,1
Alex,136,1,12/4/2019,Chamber,1,1
Yuriy,158,1,12/4/2019,Chamber,0,1
Ruslan,110,1,12/4/2019,Chamber,0,1
Mykhailo,81,1,12/4/2019,Chamber,0,1
Anton,102,1,12/4/2019,Chamber,0,1
Olha,98,0,12/4/2019,Chamber,0,1
Anna,90,0,12/11/2019,Chamber,0,1
Olha,48,0,12/11/2019,Chamber,0,1
Liliya,47,0,12/11/2019,Chamber,0,1
Lesia,41,0,12/11/2019,Chamber,0,1
Ihor,128,1,12/11/2019,Chamber,0,1
Svetlana,73,0,12/11/2019,Chamber,1,1
Anton,95,1,12/11/2019,Chamber,0,1
Kaz,181,0,12/16/2019,Omotesando Bilingual TMC,,1
Taishi,127,0,12/16/2019,Omotesando Bilingual TMC,,1
Fujita,78,0,12/16/2019,Omotesando Bilingual TMC,,1
Yuka,113,0,12/16/2019,Omotesando Bilingual TMC,,1
Andrew,125,1,12/18/2019,Chamber,0,1
Anna,75,0,12/18/2019,Chamber,0,1
Olha,100,0,12/18/2019,Chamber,1,1
Svetlana,87,0,12/18/2019,Chamber,0,1
Maksym,60,1,12/18/2019,Chamber,0,1
Olha,110,0,12/18/2019,Chamber,0,1
Vitaliy,90,1,12/18/2019,Chamber,0,1
Timur,125,1,12/18/2019,Chamber,0,1
Nataly,120,0,12/18/2019,Chamber,0,1
Jovani,110,1,12/18/2019,Chamber,0,1
Mariam,70,0,12/18/2019,Chamber,0,1
Vasyl,138,1,12/25/2019,Chamber,0,1
Kiki,76,0,12/25/2019,Chamber,0,1
Ihor,130,1,12/25/2019,Chamber,0,1
Farid,76,1,12/25/2019,Chamber,0,1
Dayana,85,0,12/25/2019,Chamber,0,1
Nataly,80,0,12/25/2019,Chamber,1,1
Alex,144,1,12/25/2019,Chamber,1,1
Maksym,138,1,12/25/2019,Chamber,0,1
Sergiy,38,1,12/25/2019,Chamber,0,1
Lyudmyla,110,0,12/25/2019,Chamber,0,1
Alex,150,1,1/8/2020,Chamber,1,1
Anna,126,0,1/8/2020,Chamber,0,1
Oleksandr,73,1,1/8/2020,Chamber,0,1
Lubov,85,0,1/8/2020,Chamber,0,1
Ruslan,91,1,1/8/2020,Chamber,0,1
Mariya,47,0,1/8/2020,Chamber,0,1
Maryna,85,0,1/15/2020,Chamber,0,1
Yousef,80,1,1/15/2020,Chamber,0,1
Lyudmyla,75,0,1/15/2020,Chamber,0,1
Andrew,89,1,1/15/2020,Chamber,1,1
Arsen,70,1,1/15/2020,Chamber,0,1
Maksym,59,1,1/15/2020,Chamber,0,1
Daria,75,0,1/15/2020,Chamber,0,1
Anna,89,0,1/15/2020,Chamber,0,1
Yuriy,108,1,1/15/2020,Chamber,0,1
Ivan,105,1,1/20/2020,Chamber,0,1
Anton,85,1,1/20/2020,Chamber,0,1
Nataly,140,0,1/20/2020,Chamber,0,1
Yuriy,120,1,1/20/2020,Chamber,0,1
Dennis,150,1,1/20/2020,Chamber,0,1
Alex,130,1,1/20/2020,Chamber,1,1
Marwan,90,1,1/20/2020,Chamber,0,1
Olena,80,0,1/20/2020,Chamber,0,1
Michael,85,1,1/20/2020,Chamber,0,1
Svetlana,120,0,1/20/2020,Chamber,0,1
Anna,125,0,1/27/2020,Chamber,0,1
Alex,120,1,1/27/2020,Chamber,0,1
Valery,105,0,1/27/2020,Chamber,1,1
Svetlana,105,0,1/27/2020,Chamber,0,1
Nick,140,1,1/27/2020,Chamber,0,1
Marwan,71,1,1/27/2020,Chamber,0,1
Andrew,115,1,1/27/2020,Chamber,0,1
Valeria,70,0,2/3/2020,Chamber,0,1
Zahar,89,1,2/3/2020,Chamber,0,1
Alex,165,1,2/3/2020,Chamber,0,1
Tetiana,119,0,2/3/2020,Chamber,1,1
Uliana,60,0,2/3/2020,Chamber,0,1
Vlad,84,1,2/3/2020,Chamber,0,1
Olena,125,0,2/3/2020,Chamber,0,1
Oleksandr,174,1,2/3/2020,Chamber,0,1
Ivan,176,1,2/3/2020,Chamber,0,1
Kostya,159,1,2/3/2020,Chamber,0,1
Lyudmyla,147,0,2/17/2020,Chamber,0,1
Valeriya,83,0,2/17/2020,Chamber,0,1
Oksana,137,0,2/17/2020,Chamber,0,1
Oleksandr,128,1,2/17/2020,Chamber,0,1
Liliya,118,0,2/17/2020,Chamber,0,1
Alex,138,1,2/17/2020,Chamber,1,1
Yuriy,122,1,2/17/2020,Chamber,0,1
Andrew,86,1,2/17/2020,Chamber,0,1
Oleksandr,86,1,2/17/2020,Chamber,0,1
Olena,124,0,2/17/2020,Chamber,0,1
Adele,76,0,2/17/2020,Chamber,0,1
Michael,135,1,2/17/2020,Chamber,0,1
Michael,84,1,2/19/2020,Chamber,0,1
Ivan,127,1,2/19/2020,Chamber,1,1
Alex,117,1,2/19/2020,Chamber,0,1
Lubov,109,0,2/19/2020,Chamber,0,1
Vlad,108,1,2/19/2020,Chamber,0,1
Vlad,66,1,2/24/2020,Chamber,0,1
Alex,194,1,2/24/2020,Chamber,1,1
Olena,102,0,2/24/2020,Chamber,0,1
Ivan,187,1,2/24/2020,Chamber,0,1
Michael,82,1,3/2/2020,Chamber,,1
Taras,95,1,3/2/2020,Chamber,,1
Alex,125,1,3/2/2020,Chamber,,1
Lyudmyla,116,0,3/2/2020,Chamber,,1
Oksana,67,0,3/2/2020,Chamber,,1
Ruslan,102,1,3/2/2020,Chamber,,1
Michael,100,1,3/2/2020,Chamber,,1
Alex,111,1,3/2/2020,Chamber,,1
Taras,124,1,3/2/2020,Chamber,,1
Olena,95,0,3/2/2020,Chamber,,1
Unknown,83,0,3/2/2020,Chamber,,1
Nataly,89,0,3/2/2020,Chamber,,1
Oleksandr,135,1,3/2/2020,Chamber,,1
Vlad,160,1,3/4/2020,Chamber,1,1
Vadym,122,1,3/4/2020,Chamber,0,1
Lyudmyla,97,1,3/4/2020,Chamber,0,1
Timur,136,1,3/4/2020,Chamber,0,1
Ivan,68,1,3/4/2020,Chamber,0,1
Vladyslav,134,1,3/4/2020,Chamber,0,1
Silvana,77,0,3/4/2020,Chamber,0,1
Lyudmyla,132,0,3/4/2020,Chamber,0,1
Anna,100,0,3/4/2020,Chamber,0,1
Timur,123,1,3/11/2020,Chamber,0,1
Michael,90,1,3/11/2020,Chamber,0,1
Mariya,129,0,3/11/2020,Chamber,1,1
Andrew,75,1,3/11/2020,Chamber,0,1
Lyudmyla,90,0,3/11/2020,Chamber,0,1
Iryna,71,0,3/11/2020,Chamber,0,1
Yulia,85,0,3/11/2020,Chamber,0,1
Vlad,105.88,1,4/1/2020,Chamber,,0
Oleksandr,95.2,1,4/1/2020,Chamber,,0
Alex,120.09,1,4/1/2020,Chamber,,0
Ivan,103.74,1,4/1/2020,Chamber,,0
Taras,135.15,1,4/1/2020,Chamber,,0
Anna,80,0,4/22/2020,Chamber,0,0
Nailah,102,0,4/22/2020,Chamber,0,0
Liliya,94,0,4/22/2020,Chamber,0,0
Oksana,80,0,4/22/2020,Chamber,0,0
Damon,60,1,4/22/2020,Chamber,1,0
Michael,90,1,4/22/2020,Chamber,0,0
Alex,112,1,4/22/2020,Chamber,0,0
Ruslan,129,1,4/22/2020,Chamber,0,0
Yuriy,114,1,4/22/2020,Chamber,0,0
Fedor,110,1,4/22/2020,Chamber,0,0
Dennis,91,1,4/22/2020,Chamber,0,0
Ivan,90,1,4/29/2020,Chamber,0,0
Nataly,145,0,4/29/2020,Chamber,1,0
Iryna,150,0,4/29/2020,Chamber,0,0
Narjesh,90,0,4/29/2020,Chamber,0,0
Alex,132,1,4/29/2020,Chamber,0,0
Oleksandr,140,1,4/29/2020,Chamber,0,0
Dmytro,77,1,4/29/2020,Chamber,0,0
Olha,84,0,4/29/2020,Chamber,0,0
Ivan,105,1,5/13/2020,Chamber,,0
Nataly,160,0,5/13/2020,Chamber,,0
Kostya,116,1,5/13/2020,Chamber,,0
Halyna,70,0,5/13/2020,Chamber,,0
Alex,168,1,5/13/2020,Chamber,,0
Halyna,80,0,5/20/2020,Chamber,,0
Ruslan,108,1,5/20/2020,Chamber,,0
Oleksandr,170,1,5/20/2020,Chamber,,0
Bas,78,1,5/20/2020,Chamber,,0
Yulia,87,0,5/20/2020,Chamber,,0
Michael,110,1,5/20/2020,Chamber,,0
Michael,135,1,5/27/2020,Chamber,,0
Dennis,80,1,5/27/2020,Chamber,,0
Nataly,143,0,5/27/2020,Chamber,,0
Ruslan,96,1,5/27/2020,Chamber,,0
Alex,90,1,5/27/2020,Chamber,,0
Oksana,115,0,5/27/2020,Chamber,,0
Yulia,95,0,5/27/2020,Chamber,,0
Kostya,55,1,5/27/2020,Chamber,,0
Taras,125,1,5/27/2020,Chamber,,0
Maryna,105,0,5/27/2020,Chamber,,0
Yana,110,0,5/27/2020,Chamber,,0
Halyna,90,0,6/10/2020,Chamber,,0
Alex,30,1,6/10/2020,Chamber,,0
Ruslan,124,1,6/10/2020,Chamber,,0
Oksana,95,0,6/10/2020,Chamber,,0
Lyudmyla,98,0,6/10/2020,Chamber,,0
Kostya,70,1,6/10/2020,Chamber,,0
金田,73,,6/10/2020,Utsunomiya TMC,,1
Unknown,118,,6/10/2020,Utsunomiya TMC,,1
行田,73,,6/10/2020,Utsunomiya TMC,,1
丸山,64,,6/10/2020,Utsunomiya TMC,,1
Kobayashi,88,,6/10/2020,Utsunomiya TMC,,1
Yukida,118,,6/10/2020,Utsunomiya TMC,,1
Hirano,117,,6/10/2020,Utsunomiya TMC,,1
Ohara,119,,6/10/2020,Utsunomiya TMC,,1
Kate,79,0,7/1/2020,Chamber,,0
Olena,90,0,7/1/2020,Chamber,,0
Varvara,110,0,7/8/2020,Chamber,,0
Nataly,120,0,7/8/2020,Chamber,,0
Alex,126,1,7/8/2020,Chamber,,0
Ruslan,132,1,7/8/2020,Chamber,,0
Oksana,177,0,7/8/2020,Chamber,,0
Victoria,120,0,7/8/2020,Chamber,,0
Dennis,57,1,7/8/2020,Chamber,,0
Kostya,90,1,7/8/2020,Chamber,,0
Alex,118,1,7/8/2020,Chamber,,0
Vyacheslav,114,1,7/8/2020,Chamber,,0
Iryna,75,0,7/8/2020,Chamber,,0
Olha,119,0,7/8/2020,Chamber,,0
Andrew,77,1,7/28/2020,Chamber,,0
Ivan,140,1,7/28/2020,Chamber,,0
Alex,90,1,7/28/2020,Chamber,,0
Maksym,120,1,7/28/2020,Chamber,,0
Olena,107,0,7/28/2020,Chamber,,0
Dmytro,100,1,7/28/2020,Chamber,,0
Halyna,110,0,7/28/2020,Chamber,,0
Halyna,57,0,7/28/2020,Chamber,,0
Ivan,101,1,7/28/2020,Chamber,,0
Alex,125,1,7/28/2020,Chamber,,0
Kostya,93,1,7/28/2020,Chamber,,0
Dennis,105,1,7/28/2020,Chamber,,0
Maksym,107,1,7/28/2020,Chamber,,0
Olena,55,0,8/4/2020,Chamber,,0
Nataly,115,0,8/4/2020,Chamber,,0
Olha,80,0,8/4/2020,Chamber,,0
Olena,50,0,8/4/2020,Chamber,,0
Oksana,115,0,8/4/2020,Chamber,,0
Alex,124,1,8/4/2020,Chamber,,0
Fedor,74,1,8/4/2020,Chamber,,0
Kate,60,0,8/4/2020,Chamber,,0
Oksana,122,0,8/11/2020,Chamber,,0
Ivan,194,1,8/11/2020,Chamber,,0
Dmytro,75,1,8/11/2020,Chamber,,0
Lubov,96,0,8/11/2020,Chamber,,0
Olena,107,0,8/11/2020,Chamber,,0
Alex,134,1,8/11/2020,Chamber,,0
Dennis,58,1,8/11/2020,Chamber,,0
Ivan,120,1,8/18/2020,Chamber,0,0
Lubov,102,0,8/18/2020,Chamber,0,0
Marwan,60,1,8/18/2020,Chamber,0,0
Alex,105,1,8/18/2020,Chamber,1,0
Kostya,70,1,8/18/2020,Chamber,0,0
Alex,84,1,8/25/2020,Chamber,,0
Dennis,113,1,8/25/2020,Chamber,,0
Yulia,55,0,8/25/2020,Chamber,,0
Olha,30,0,8/25/2020,Chamber,,0
Andrew,140,1,9/22/2020,Chamber,0,1
Larysa,129,0,9/22/2020,Chamber,0,1
Dennis,138,1,9/22/2020,Chamber,1,1
Viktor,122,1,9/22/2020,Chamber,0,1
Alina,115,0,9/22/2020,Chamber,0,1
Narjess,125,0,10/13/2020,Chamber,0,0
Dennis,110,1,10/13/2020,Chamber,0,0
Alex,135,1,10/13/2020,Chamber,1,0
Maryna,80,0,10/13/2020,Chamber,0,0
Olena,68,0,10/13/2020,Chamber,0,0
Ivan,140,1,10/13/2020,Chamber,0,0
Alex,84,1,10/20/2020,Chamber,1,0
Narjess,86,0,10/20/2020,Chamber,0,0
Fedor,123,1,10/20/2020,Chamber,1,0
Maksym,143,1,10/20/2020,Chamber,0,0
Anna,103,0,10/20/2020,Chamber,0,0
Yulia,143,0,10/20/2020,Chamber,1,0
Kostya,91,1,10/20/2020,Chamber,0,0
Marwan,185,1,11/3/2020,Chamber,,0
Marta,195,0,11/3/2020,Chamber,,0
Alex,107,1,11/3/2020,Chamber,,0
Anna,160,0,11/3/2020,Chamber,,0
Kostya,100,1,11/17/2020,Chamber,,0
Genia,50,0,11/17/2020,Chamber,,0
Fedor,150,1,11/17/2020,Chamber,,0
Ihor,75,1,11/17/2020,Chamber,,0
Anna,137,0,11/17/2020,Chamber,,0
Victoria,102,0,11/24/2020,Chamber,,0
Ivan,132,1,11/24/2020,Chamber,,0
Ihor,70,1,11/24/2020,Chamber,,0
Kevin,118,1,11/24/2020,Chamber,,0
Fedor,162,1,11/24/2020,Chamber,,0
Dennis,116,1,11/24/2020,Chamber,,0
Genia,143,0,11/24/2020,Chamber,,0
Alex,109,1,11/24/2020,Chamber,,0
Dounia,130,0,11/24/2020,Chamber,,0
Kostya,78,1,12/1/2020,Chamber,0,0
Fedor,145,1,12/1/2020,Chamber,0,0
Ram,80,1,12/1/2020,Chamber,0,0
Liliya,63,0,12/1/2020,Chamber,0,0
Ihor,83,1,12/1/2020,Chamber,0,0
Khrystyna,73,0,12/1/2020,Chamber,0,0
Narjess,68,0,12/1/2020,Chamber,1,0
Genia,51,0,12/1/2020,Chamber,0,0
Ivan,101,1,12/1/2020,Chamber,0,0
Dounia,120,0,12/8/2020,Chamber,,0
Dennis,90,1,12/8/2020,Chamber,,0
Fedor,107,1,12/8/2020,Chamber,,0
Marwan,29,1,12/8/2020,Chamber,,0
Inci,29,1,12/8/2020,Chamber,,0
Kostya,89,1,12/8/2020,Chamber,,0
Ivan,67,1,12/8/2020,Chamber,,0
Narjess,69,0,12/8/2020,Chamber,,0
Fedor,150,1,12/15/2020,Chamber,0,0
Andrew,100,1,12/15/2020,Chamber,1,0
Olha,30,0,12/15/2020,Chamber,0,0
Svetlana,130,0,12/15/2020,Chamber,0,0
Marwan,55,1,12/15/2020,Chamber,0,0
Alex,68,1,12/15/2020,Chamber,0,0
Marwan,48,1,12/22/2020,Chamber,,0
Ivan,155,1,12/22/2020,Chamber,,0
Kostya,98,1,12/22/2020,Chamber,,0
Oksana,98,0,12/22/2020,Chamber,,0
Dennis,97,1,12/22/2020,Chamber,,0
Dounia,120,0,12/22/2020,Chamber,,0
Olena,146,0,12/22/2020,Chamber,,0
Narjess,123,0,12/22/2020,Chamber,,0
Fedor,158,1,12/22/2020,Chamber,,0
Alex,134,1,12/22/2020,Chamber,,0
Marwan,41,1,1/19/2021,Chamber,,0
Kostya,76,1,1/19/2021,Chamber,,0
Dounia,91,0,1/19/2021,Chamber,,0
Nataly,61,0,1/19/2021,Chamber,,0
Oleksandr,68,1,1/19/2021,Chamber,,0
Andrew,133,1,1/19/2021,Chamber,,0
Halyna,67,0,1/19/2021,Chamber,,0
Iryna,48,0,1/19/2021,Chamber,,0
Roman,60,1,1/19/2021,Chamber,,0
Olena,107,0,1/19/2021,Chamber,,0
Maryna,64,0,2/2/2021,Chamber,1,0
Oleksandr,31,1,2/2/2021,Chamber,0,0
Nataly,71,0,2/2/2021,Chamber,0,0
Andrew,73,1,2/2/2021,Chamber,0,0
Fedor,184,1,2/2/2021,Chamber,0,0
Tati,99,0,2/2/2021,Chamber,0,0
Vitaliy,78,1,2/2/2021,Chamber,0,0
Vitaliy,45,1,2/9/2021,Chamber,0,0
Alex,95,1,2/9/2021,Chamber,0,0
Fedor,110,1,2/9/2021,Chamber,0,0
Narjess,75,0,2/9/2021,Chamber,0,0
Alex,83,1,2/9/2021,Chamber,0,0
Alex,54,1,2/9/2021,Chamber,0,0
Lubov,35,0,2/9/2021,Chamber,0,0
Diana,85,0,2/9/2021,Chamber,0,0
Kostya,90,1,2/9/2021,Chamber,0,0
Olena,115,0,2/9/2021,Chamber,1,0
Ian,105,1,2/24/2021,Camanava Brunch TMC,,0
Apay,119,,2/24/2021,Camanava Brunch TMC,,0
JJ,30,,2/24/2021,Camanava Brunch TMC,,0
River,57,1,2/24/2021,Camanava Brunch TMC,,0
Gerard,49,1,2/24/2021,Camanava Brunch TMC,,0
Joel,53,1,2/24/2021,Camanava Brunch TMC,,0
Gulnar,127,0,3/10/2021,Chamber,0,0
Dennis,107,1,3/10/2021,Chamber,0,0
Kate,117,0,3/10/2021,Chamber,0,0
Ivan,148,1,3/10/2021,Chamber,1,0
Alex,103,1,3/10/2021,Chamber,0,0
Tati,125,0,3/10/2021,Chamber,0,0
Lubov,55,0,3/10/2021,Chamber,0,0
Ruslan,100,1,3/10/2021,Chamber,0,0
Dounia,134,0,3/31/2021,Chamber,,0
Dennis,139,1,3/31/2021,Chamber,,0
Marwan,129,1,3/31/2021,Chamber,,0
Alex,117,1,3/31/2021,Chamber,,0
Svetlana,155,0,3/31/2021,Chamber,,0
Tati,136,0,3/31/2021,Chamber,,0
Fedor,188,1,3/31/2021,Chamber,,0
Dennis,103,1,4/21/2021,Chamber,,0
Fedor,167,1,4/21/2021,Chamber,,0
Ivan,126,1,4/21/2021,Chamber,,0
Fedor,113,1,4/24/2021,Eclectic Image Toastmasters,,0
Bernard,75,1,4/24/2021,Eclectic Image Toastmasters,,0
Dan,86,1,4/24/2021,Eclectic Image Toastmasters,,0
Carol,93,1,4/24/2021,Eclectic Image Toastmasters,,0
Huilnar ,157,0,4/24/2021,Eclectic Image Toastmasters,,0
Amir,69,0,4/24/2021,Eclectic Image Toastmasters,,0
Victoria,215,0,4/28/2021,Chamber,,0
Svetlana,85,0,4/28/2021,Chamber,,0
Sofia,75,0,4/28/2021,Chamber,,0
Olha,72,0,4/28/2021,Chamber,,0
Marwan,65,1,4/28/2021,Chamber,,0
Daria,85,0,4/28/2021,Chamber,,0
Ivan,140,1,4/28/2021,Chamber,,0
Olena,75,0,4/28/2021,Chamber,,0
Liliya,218,0,5/12/2021,Chamber,0,0
Svetlana,184,0,5/12/2021,Chamber,0,0
Olha,92,0,5/12/2021,Chamber,0,0
Olena,90,0,5/12/2021,Chamber,0,0
Tati,132,0,5/12/2021,Chamber,1,0
Alex,122,1,5/12/2021,Chamber,0,0
Sofia,121,0,6/9/2021,Chamber,0,0
Lesia,108,0,6/9/2021,Chamber,1,0
Mykhailo,89,1,6/9/2021,Chamber,0,0
Maksym,125,1,6/9/2021,Chamber,0,0
Irulan,98,1,6/9/2021,Chamber,0,0
Victoria,60,0,6/23/2021,Chamber,0,0
Ksenia,55,0,6/23/2021,Chamber,0,0
Michael,51,1,6/23/2021,Chamber,0,0
Andrew,63,1,6/23/2021,Chamber,0,0
Halyna,104,0,6/23/2021,Chamber,1,0
Danylo,40,0,6/23/2021,Chamber,0,0
Kostya,40,1,6/23/2021,Chamber,0,0
Yuriy,105,1,6/30/2021,Chamber,,0
Ivan,102,1,6/30/2021,Chamber,,0
Liliya,52,0,6/30/2021,Chamber,,0
Irulan,113,1,6/30/2021,Chamber,,0
Kostya,50,1,6/30/2021,Chamber,,0
Ruslan,75,1,6/30/2021,Chamber,,0
Yulia,64,0,7/7/2021,Chamber,0,0
Svetlana,30,0,7/7/2021,Chamber,0,0
Dennis,56,1,7/7/2021,Chamber,0,1
Liliya,145,0,7/7/2021,Chamber,0,1
Dounia,146,0,7/7/2021,Chamber,0,1
Kostyantyn,134,1,7/7/2021,Chamber,0,1
Ksenia,117,0,7/7/2021,Chamber,1,1
Yana,113,0,7/14/2021,Chamber,0,1
Ruslan,140,1,7/14/2021,Chamber,0,0
Ivan,145,1,7/14/2021,Chamber,0,0
Ruslan,53,1,7/14/2021,Chamber,0,0
Liliya,96,0,7/14/2021,Chamber,0,0
Michael,120,1,7/14/2021,Chamber,0,0
Artem,180,1,7/14/2021,Chamber,1,0
Dounia,110,0,7/21/2021,Chamber,,0
Michael,110,1,7/21/2021,Chamber,,1
Nataly,70,0,7/21/2021,Chamber,,1
Anna,140,0,7/21/2021,Chamber,,1
Marta,105,0,7/25/2021,Changemakers,,1
Bijay,105,0,7/25/2021,Changemakers,,1
Artem,121,1,7/25/2021,Changemakers,,1
Victoria,85,0,7/25/2021,Changemakers,,1
Yulia,132,0,7/25/2021,Changemakers,,0
Heni,160,0,7/25/2021,Changemakers,,0
Genia,90,0,8/4/2021,Chamber,0,0
Olena,45,0,8/4/2021,Chamber,0,0
Kostya,115,1,8/4/2021,Chamber,0,0
Maksym,130,1,8/4/2021,Chamber,0,0
Ihor,115,1,8/4/2021,Chamber,0,0
Yulia,90,0,8/4/2021,Chamber,1,0
Anna,120,0,8/11/2021,Chamber,,0
Ruslan,85,1,8/11/2021,Chamber,,0
Dennis,120,1,8/11/2021,Chamber,,0
Andrew,135,1,8/11/2021,Chamber,,0
Victoria,120,0,8/11/2021,Chamber,,0
Liliya,69,0,8/18/2021,Chamber,,0
Victoria,120,0,8/18/2021,Chamber,,0
Halyna,112,0,8/18/2021,Chamber,,0
Fedor,115,1,8/18/2021,Chamber,,1
Yuriy,108,1,8/18/2021,Chamber,,1
Omae,157,0,8/18/2021,Mieki TMC,,1
Khuyen,120,1,8/18/2021,Mieki TMC,,1
Hide,120,1,8/18/2021,Mieki TMC,,1
Kunishio,99,1,8/18/2021,Mieki TMC,,0
Tsuboshima,144,0,8/18/2021,Mieki TMC,,0
Marwan,104,1,8/25/2021,Chamber,0,0
Maksym,75,1,8/25/2021,Chamber,0,0
Alex,79,1,8/25/2021,Chamber,0,0
Anna,55,0,8/25/2021,Chamber,0,1
Ruslan,59,1,8/25/2021,Chamber,0,1
Nataly,120,0,8/25/2021,Chamber,1,1
Ruslan,120,1,8/25/2021,Chamber,0,1
Michael,129,1,9/1/2021,Chamber,,1
Liliya,174,0,9/1/2021,Chamber,,1
Samuel,145,1,9/1/2021,Chamber,,1
Marta,161,0,9/1/2021,Chamber,,1
Andrew,118,1,9/1/2021,Chamber,,1
Nina,113,0,9/16/2021,KOMA,1,1
Kate,95,0,9/16/2021,KOMA,0,1
Kostyantyn,116,1,9/16/2021,KOMA,0,1
Eugene,140,1,9/16/2021,KOMA,0,0
Oleg,152,1,9/16/2021,KOMA,0,0
Lesia,150,0,9/16/2021,KOMA,0,0
Halyna,145,0,9/23/2021,KOMA,1,0
Oleg,143,1,9/23/2021,KOMA,0,0
Lyudmyla,125,0,9/23/2021,KOMA,0,1
Nina,66,0,9/23/2021,KOMA,0,1
Victoria,89,0,9/23/2021,KOMA,0,1
Olena,100,0,9/29/2021,Chamber,,1
Lyudmyla,65,0,9/29/2021,Chamber,,1
Tati,77,0,9/29/2021,Chamber,,1
Samuel,133,1,9/29/2021,Chamber,,1
Svetlana,92,0,9/29/2021,Chamber,,1
Yulia,110,0,9/29/2021,Chamber,,1
Andrew,106,1,10/1/2021,Svoya Rubashka,,1
Mykola,128,1,10/1/2021,Svoya Rubashka,,1
Maryna ,137,0,10/1/2021,Svoya Rubashka,,0
Dmytro ,111,1,10/1/2021,Svoya Rubashka,,0
Kate,106,0,10/1/2021,Svoya Rubashka,,0
Larysa,81,0,10/1/2021,Svoya Rubashka,,0
Myla,85,0,10/1/2021,Svoya Rubashka,,0
Tymofii,92,1,10/1/2021,Svoya Rubashka,,0
Anna,85,0,10/1/2021,Svoya Rubashka,,1
Ihor,75,1,10/1/2021,Svoya Rubashka,,1
Artem,202,1,10/1/2021,Svoya Rubashka,,1
Dmytro ,100,1,10/1/2021,Svoya Rubashka,,1
Svetlana,95,0,10/6/2021,Chamber,,1
Alex,89,1,10/6/2021,Chamber,,1
Liliya,89,0,10/6/2021,Chamber,,1
Anastasia,88,0,10/6/2021,Chamber,,1
Andrew,54,1,10/13/2021,Chamber,0,1
Dennis,100,1,10/13/2021,Chamber,0,1
Maksym,90,1,10/13/2021,Chamber,0,1
Marta,90,0,10/13/2021,Chamber,1,1
Serg,15,1,10/13/2021,Chamber,0,0
Anna,180,0,10/13/2021,Chamber,0,0
Ruslan,48,1,10/13/2021,Chamber,0,0
Kyrylo,35,1,10/13/2021,Svoya Rubashka,0,0
Vasyl,110,1,10/13/2021,Svoya Rubashka,0,1
Artem,164,1,10/13/2021,Svoya Rubashka,0,1
Olena,35,0,10/13/2021,Svoya Rubashka,0,1
Myla,45,0,10/13/2021,Svoya Rubashka,0,1
Dmytro,120,1,10/13/2021,Svoya Rubashka,0,1
Olena,197,0,10/13/2021,Svoya Rubashka,0,1
Yuriy,135,1,10/13/2021,Svoya Rubashka,0,1
Kate,32,0,10/13/2021,Svoya Rubashka,0,1
Myroslav,63,1,10/13/2021,Svoya Rubashka,0,1
Vasyl,155,1,10/13/2021,Svoya Rubashka,0,1
Nataly,121,0,10/13/2021,Svoya Rubashka,1,1
Vlad,121,1,10/13/2021,Svoya Rubashka,0,1
Yaroslav,77.41,1,10/20/2021,Svoya Rubashka,0,1
Roman,43.63,1,10/20/2021,Svoya Rubashka,0,1
Vasyl,141.85,1,10/20/2021,Svoya Rubashka,0,1
Kate,97.64,0,10/20/2021,Svoya Rubashka,0,1
Kate,57.21,0,10/20/2021,Svoya Rubashka,0,1
Maryna,66.01,0,10/20/2021,Svoya Rubashka,0,1
Vadym,105.74,1,10/20/2021,Svoya Rubashka,1,1
Yulia,56.14,0,10/20/2021,Svoya Rubashka,0,1
Vlad,46.98,1,10/20/2021,Svoya Rubashka,0,1
Kate,75.03,0,10/20/2021,Svoya Rubashka,0,1
Ivan,49,1,10/20/2021,Chamber,0,1
Anna,155,0,10/20/2021,Chamber,0,1
Dounia,96,0,10/20/2021,Chamber,0,1
Alex,68,1,10/20/2021,Chamber,0,1
Sergiy,104,1,10/20/2021,Chamber,0,1
Ruslan,69,1,10/20/2021,Chamber,0,1
Maksym,81,1,10/20/2021,Chamber,1,1
Halyna,102,0,10/21/2021,KOMA,0,1
Kate,90,0,10/21/2021,KOMA,0,1
Lyudmyla,90,0,10/21/2021,KOMA,0,1
Olena,199,0,10/21/2021,KOMA,1,1
Michael,109,1,10/21/2021,KOMA,0,1
Ilko,100,1,10/21/2021,KOMA,0,1
Oleg,224,1,10/21/2021,KOMA,0,1
Francisco,177,0,10/27/2021,Chamber,,1
Alex,106,1,10/27/2021,Chamber,,1
Olena,119,0,10/27/2021,Chamber,,1
Dounia,103,0,10/27/2021,Chamber,,1
Lubov,55,0,10/27/2021,Chamber,,1
Maksym,123,1,10/27/2021,Chamber,,1
Nataly,74,0,10/27/2021,Chamber,,1
Nina,80,0,10/28/2021,KOMA,0,1
Oleg,150,1,10/28/2021,KOMA,0,0
Oksana,80,0,10/28/2021,KOMA,1,0
Kate,120,0,10/28/2021,KOMA,0,0
Alex,110,1,10/28/2021,KOMA,0,0
Vitalina,110,0,10/28/2021,KOMA,0,0
Roman,60,1,10/28/2021,KOMA,0,0
Marta,40,0,11/3/2021,Chamber,,0
Alex,80,1,11/3/2021,Chamber,,1
Lesia,96,0,11/3/2021,Chamber,,1
Ruslan,90,1,11/3/2021,Chamber,,1
Alex,86,1,11/3/2021,Chamber,,1
Olena,71,0,11/3/2021,Svoya Rubashka,0,1
Yaroslav,75,1,11/3/2021,Svoya Rubashka,0,1
Illia,73,1,11/3/2021,Svoya Rubashka,0,1
Roman,76,1,11/3/2021,Svoya Rubashka,0,1
Kate,98,0,11/3/2021,Svoya Rubashka,0,1
Oksana,68,0,11/3/2021,Svoya Rubashka,0,1
Yuriy,121,1,11/3/2021,Svoya Rubashka,0,1
Oksana,98,0,11/3/2021,Svoya Rubashka,0,1
Yuriy,138,1,11/3/2021,Svoya Rubashka,0,1
Dmytro,136,1,11/3/2021,Svoya Rubashka,0,1
Ksenia,112,0,11/3/2021,Svoya Rubashka,1,1
Larysa,268,0,11/4/2021,KOMA,0,1
Vitalina,148,0,11/4/2021,KOMA,0,1
Arman,169,1,11/4/2021,KOMA,0,1
Lyudmyla,125,0,11/4/2021,KOMA,0,1
Oleg,130,1,11/4/2021,KOMA,0,1
Michael,124,1,11/5/2021,KOMA,1,1
Eric,100,1,11/7/2021,Dniprohills,0,1
Vadym,115,1,11/7/2021,Dniprohills,0,1
Myroslava,125,0,11/7/2021,Dniprohills,1,1
Eugene,34,1,11/7/2021,Dniprohills,0,1
Alex ,161,1,11/7/2021,Dniprohills,0,1
Vlad,115,1,11/7/2021,Dniprohills,0,1
Volodymyr,61,1,11/7/2021,Dniprohills,0,1
Maksym,119,1,11/7/2021,Dniprohills,0,1
Katrina,189,0,11/7/2021,Dniprohills,0,1
Vadym,83,1,11/7/2021,Dniprohills,1,1
Victoria,60,0,11/7/2021,Dniprohills,0,1
Myroslava,82,0,11/7/2021,Dniprohills,0,1
Maksym,111,1,11/7/2021,Dniprohills,0,1
Volodymyr,91,1,11/7/2021,Dniprohills,0,1
Eric,75,1,11/7/2021,Dniprohills,0,1
Sukham,73,0,11/7/2021,Dniprohills,0,1
Katrina,177,0,11/7/2021,Dniprohills,0,1
Yuriy,150,1,11/10/2021,Svoya Rubashka,,1
Alina,90,0,11/10/2021,Svoya Rubashka,,1
Kyrylo,78,1,11/10/2021,Svoya Rubashka,,1
Eugene,150,1,11/10/2021,Svoya Rubashka,,1
Sophia,102,0,11/10/2021,Svoya Rubashka,,1
Illia,150,1,11/10/2021,Svoya Rubashka,,1
Danylo,110,1,11/10/2021,Svoya Rubashka,,1
Dmytro,140,1,11/10/2021,Svoya Rubashka,,1
Kate,95,0,11/10/2021,Svoya Rubashka,,1
Roman,77,1,11/10/2021,Svoya Rubashka,,1
Sophia,110,0,11/10/2021,Svoya Rubashka,,1
Yulia,90,0,11/10/2021,Svoya Rubashka,,1
Anna,153,0,11/10/2021,Svoya Rubashka,,1
Alina,110,0,11/10/2021,Svoya Rubashka,,1
Dmytro,120,1,11/10/2021,Svoya Rubashka,,1
Anastasia,75,0,11/10/2021,Svoya Rubashka,,1
Illia,148,1,11/10/2021,Svoya Rubashka,,1
Dmytro,115,1,11/10/2021,Svoya Rubashka,,1
Sophia,105,0,11/10/2021,Svoya Rubashka,,1
Dennis,69,1,11/10/2021,Chamber,,1
Anna,58,0,11/10/2021,Chamber,,1
Narvan,51,0,11/10/2021,Chamber,,1
Kostya,48,1,11/10/2021,Chamber,,1
Dounia,95,0,11/10/2021,Chamber,,1
Lyudmyla,194,0,11/11/2021,KOMA,0,1
Larysa,140,0,11/11/2021,KOMA,0,1
Kate,136,0,11/11/2021,KOMA,0,1
Roman,156,1,11/11/2021,KOMA,0,0
Oleksandr,281,1,11/11/2021,KOMA,1,0
Kate,234,0,11/11/2021,KOMA,0,0
Veronika,121,0,11/17/2021,Svoya Rubashka,,0
Veronika,169,0,11/17/2021,Svoya Rubashka,,0
Veronika,114,0,11/17/2021,Svoya Rubashka,,1
Jessica,124,0,11/17/2021,Svoya Rubashka,,1
Veronika,139,0,11/17/2021,Svoya Rubashka,,1
Sophia,77,0,11/17/2021,Svoya Rubashka,,1
Sophia,148,0,11/17/2021,Svoya Rubashka,,1
Andrew,225,1,11/17/2021,Svoya Rubashka,,1
Kyrylo,131,1,11/17/2021,Svoya Rubashka,,1
Maryna,123,0,11/17/2021,Svoya Rubashka,,1
Olha,135,0,11/17/2021,Svoya Rubashka,,1
Roman,137,1,11/17/2021,Svoya Rubashka,,1
Yulia,102,0,11/17/2021,Svoya Rubashka,,1
Lyudmyla,132,0,11/18/2021,KOMA,0,1
Lesia,110,0,11/18/2021,KOMA,0,1
Nina,105,0,11/18/2021,KOMA,0,1
Oksana,110,0,11/18/2021,KOMA,0,1
Olha,165,0,11/18/2021,KOMA,0,1
Iryna,80,0,11/18/2021,KOMA,0,1
Ihor,150,1,11/18/2021,KOMA,1,1
Volodymyr,110,1,11/20/2021,Arttalkers,0,1
Anastasia,90,0,11/20/2021,Arttalkers,0,1
Andrew,90,1,11/20/2021,Arttalkers,1,1
Alex,60,1,11/20/2021,Arttalkers,0,1
Vadym,110,1,11/20/2021,Arttalkers,0,1
Margaryta,70,0,11/20/2021,Arttalkers,0,1
Andrew,140,1,11/20/2021,Arttalkers,0,1
Tetiana,100,0,11/20/2021,Arttalkers,0,1
Stanislav,130,1,11/21/2021,Dniprohills,0,1
Eugene,65,1,11/21/2021,Dniprohills,0,1
Lesia,150,0,11/21/2021,Dniprohills,0,1
Nataly,30,0,11/21/2021,Dniprohills,0,1
Lesia,77,0,11/21/2021,Dniprohills,0,1
Andrew,90,1,11/21/2021,Dniprohills,1,1
Tetiana,79,0,11/21/2021,Dniprohills,0,1
Oleksandr,50,1,11/21/2021,Dniprohills,0,1
Vadym,127,1,11/21/2021,Dniprohills,0,1
Andrew,58,1,11/21/2021,Dniprohills,1,1
Anna,90,0,11/25/2021,KOMA,1,1
Oleg,110,1,11/25/2021,KOMA,0,1
Nina,85,0,11/25/2021,KOMA,0,1
Iryna,68,0,11/25/2021,KOMA,0,1
Roman,80,1,11/25/2021,KOMA,0,1
Nataly,56,0,11/27/2021,Arttalkers,0,1
Margaryta,113,0,11/27/2021,Arttalkers,0,1
Vadym,113,1,11/27/2021,Arttalkers,0,1
Daria,92,0,11/27/2021,Arttalkers,0,1
Eric,83,1,11/27/2021,Arttalkers,0,1
Nataly,76,0,11/27/2021,Arttalkers,1,1
Vadym,103,1,11/27/2021,Arttalkers,0,1
Filimon,80,1,11/27/2021,Arttalkers,0,1
Anna,80,0,11/27/2021,Arttalkers,0,1
Inna,39,0,11/27/2021,Arttalkers,0,1
Joe,37,1,11/27/2021,Arttalkers,0,1
Sasha,40,1,11/27/2021,Arttalkers,0,1
Margaryta,83,0,11/28/2021,Dniprohills,0,1
Mariya,36,0,11/28/2021,Dniprohills,0,1
Lesia,89,0,11/28/2021,Dniprohills,0,1
Volodymyr,168,1,11/28/2021,Dniprohills,0,1
Joe,85,1,11/28/2021,Dniprohills,0,1
Mariya,117,0,11/28/2021,Dniprohills,0,1
Andrew,123,1,11/28/2021,Dniprohills,1,1
Eugene,119,1,11/28/2021,Dniprohills,0,1
Oleksandr,81,1,11/28/2021,Dniprohills,0,1
Vadym,90,1,12/1/2021,Chamber,0,1
Margaryta,131,0,12/1/2021,Chamber,0,1
Andrew,119,1,12/1/2021,Chamber,0,1
Anna,118,0,12/1/2021,Chamber,1,1
Vlada,120,0,12/1/2021,Chamber,0,1
Karina,153,0,12/1/2021,Svoya Rubashka,,1
Olena,140,0,12/1/2021,Svoya Rubashka,,1
Veronika,197,0,12/1/2021,Svoya Rubashka,,1
Yana,117,0,12/1/2021,Svoya Rubashka,,1
Sophia,72,0,12/1/2021,Svoya Rubashka,,1
Yuriy,140,1,12/1/2021,Svoya Rubashka,,1
Tetiana,150,0,12/1/2021,Svoya Rubashka,,1
Yulia,94,0,12/1/2021,Svoya Rubashka,,1
Andrew,56,1,12/1/2021,Svoya Rubashka,,1
Ihor,140,1,12/1/2021,Svoya Rubashka,,1
Olena,157,0,12/1/2021,Svoya Rubashka,,1
Ihor,102,1,12/1/2021,Svoya Rubashka,,1
Yana,147,0,12/1/2021,Svoya Rubashka,,1
Andrew,73,1,12/1/2021,Svoya Rubashka,,1
Veronika,148,0,12/1/2021,Svoya Rubashka,,1
Karina,151,0,12/1/2021,Svoya Rubashka,,1
Roman,95,1,12/2/2021,KOMA,0,1
Olena,119,0,12/2/2021,KOMA,0,1
Kate,113,0,12/2/2021,KOMA,0,1
Lyudmyla,116,0,12/2/2021,KOMA,0,1
Roman,137,1,12/2/2021,KOMA,0,1
Oleg,105,1,12/2/2021,KOMA,0,1
Vadym,82,1,12/2/2021,KOMA,0,1
Ihor,90,1,12/2/2021,KOMA,1,1
Kate,105,0,12/2/2021,KOMA,0,1
Svetlana,130,0,12/8/2021,Chamber,,1
Liliya,70,0,12/8/2021,Chamber,,1
Martin,220,1,12/8/2021,Chamber,,1
Artem,69,1,12/8/2021,Chamber,,1
Nataly,189,0,12/8/2021,Chamber,,1
Sophia,104,0,12/8/2021,Svoya Rubashka,0,1
Iryna,108,0,12/8/2021,Svoya Rubashka,0,1
Jessica,120,0,12/8/2021,Svoya Rubashka,0,1
Vadym,109,1,12/8/2021,Svoya Rubashka,0,0
Maryna,130,0,12/8/2021,Svoya Rubashka,0,0
Kyrylo,121,1,12/8/2021,Svoya Rubashka,0,0
Yana,119,0,12/8/2021,Svoya Rubashka,0,0
Yulia,103,0,12/8/2021,Svoya Rubashka,1,0
Lyudmyla,118,0,12/9/2021,KOMA,0,1
Lyudmyla,195,0,12/9/2021,KOMA,0,1
Oleksandr,160,1,12/9/2021,KOMA,0,1
Nataly,180,0,12/9/2021,KOMA,0,1
Oksana,195,0,12/9/2021,KOMA,1,1
Andrew,60,1,12/11/2021,Arttalkers,0,1
Anastasia,120,0,12/11/2021,Arttalkers,0,1
Khrystyna,106,0,12/11/2021,Arttalkers,0,1
Oleksandr,114,1,12/11/2021,Arttalkers,0,1
Vlad,125,1,12/11/2021,Arttalkers,1,1
Kevin,115,1,12/11/2021,Arttalkers,1,1
Filimon,90,1,12/11/2021,Arttalkers,0,1
Tetiana,83,0,12/11/2021,Arttalkers,0,1
Nataly,120,0,12/11/2021,Arttalkers,0,1
Anna,90,0,12/11/2021,Arttalkers,0,1
Nataly,60,0,12/11/2021,Arttalkers,1,1
Volodymyr,110,1,12/12/2021,Dniprohills,0,1
Zoya,75,0,12/12/2021,Dniprohills,1,1
Nikolay,134,1,12/12/2021,Dniprohills,0,1
Eric,90,1,12/12/2021,Dniprohills,0,1
Mrynal,140,1,12/12/2021,Dniprohills,0,1
Victoria,108,0,12/12/2021,Dniprohills,0,1
Olena,134,0,12/12/2021,Dniprohills,0,1
Eugene,60,1,12/12/2021,Dniprohills,0,1
Oleksandr,125,1,12/12/2021,Dniprohills,0,1
Kevin,120,1,12/12/2021,Dniprohills,0,1
Vitaliy,76,1,12/12/2021,Dniprohills,0,1
Dennis,86,1,12/22/2021,Chamber,,1
Nataly,136,0,12/22/2021,Chamber,,1
Liliya,98,0,12/22/2021,Chamber,,1
Artem,117,1,12/22/2021,Chamber,,1
Dounia,188,0,12/22/2021,Chamber,,1
Victoria,124,0,12/22/2021,Chamber,,1
Andrew,196,1,12/22/2021,Chamber,,1
Andrew,110,1,12/22/2021,Chamber,,1
Lyudmyla,152.86,0,12/26/2021,Dniprohills,,0
Victoria,122.98,0,12/26/2021,Dniprohills,,0
Nikolay,42.23,1,12/26/2021,Dniprohills,,0
Tetiana,95.87,0,12/26/2021,Dniprohills,,0
Sergiy,145.74,1,12/26/2021,Dniprohills,,0
Jake,92.6,1,12/26/2021,Dniprohills,,0
Myroslava,102.85,0,12/26/2021,Dniprohills,,0
Kevin,130,1,12/26/2021,Dniprohills,,0
Bohdan,92.24,1,12/26/2021,Dniprohills,,1
Eric,90,1,1/9/2022,Dniprohills,,1
Nikolay,140,1,1/9/2022,Dniprohills,,1
MinPoh,80,0,1/9/2022,Dniprohills,,1
Barash,100,1,1/9/2022,Dniprohills,,1
Bohdan,95,1,1/9/2022,Dniprohills,,1
Victoria,114,0,1/9/2022,Dniprohills,,1
Sergiy,70,1,1/9/2022,Dniprohills,,1
Nataly,145,0,1/9/2022,Dniprohills,,1
Timur,137,1,1/20/2022,KOMA,1,1
Maksym,70,1,1/20/2022,KOMA,0,1
Larysa,140,0,1/20/2022,KOMA,0,1
Karina,89,0,1/20/2022,KOMA,0,1
Oleg,180,1,1/20/2022,KOMA,0,1
Vlad,107,1,1/26/2022,Chamber,,1
Albert,117,1,1/26/2022,Chamber,,1
Valerii,67,1,1/26/2022,Chamber,,1
Anton,140,1,1/26/2022,Chamber,,1
Svetlana,133,0,1/26/2022,Chamber,,1
Ruslan,117,1,1/26/2022,Chamber,,1
Olha,114,0,2/3/2022,KOMA,0,1
Vitaliy,112,1,2/3/2022,KOMA,0,1
Maksym,101,1,2/3/2022,KOMA,0,1
Olena,307,0,2/3/2022,KOMA,1,1
Roman,180,1,2/3/2022,KOMA,0,1
Oksana,152,0,2/3/2022,KOMA,0,1
Nishimura,110,0,3/23/2022,Sakae TMC,0,1
Ani,93,0,3/23/2022,Sakae TMC,0,1
Kawamoto,105,1,3/23/2022,Sakae TMC,0,1
Satomi,114,0,3/23/2022,Sakae TMC,0,1
Vadym,105,1,3/23/2022,Sakae TMC,1,1
Hiroko,90,0,4/5/2022,Nagasaki TMC,0,1
Mai,137,0,4/5/2022,Nagasaki TMC,0,1
Vadym,130,1,4/5/2022,Nagasaki TMC,1,1
Akira,104,1,4/5/2022,Nagasaki TMC,0,0
Kyrylo,131,1,4/6/2022,Svoya Rubashka,,0
Mariya,45,0,4/6/2022,Svoya Rubashka,,0
Volodymyr,24,1,4/6/2022,Svoya Rubashka,,0
Svetlana,41,0,4/6/2022,Svoya Rubashka,,0
Andrew,89,1,4/6/2022,Svoya Rubashka,,0
Makar,84,1,4/6/2022,Svoya Rubashka,,0
Mariya,87,0,4/6/2022,Svoya Rubashka,,0
Svetlana,39,0,4/6/2022,Svoya Rubashka,,0
Ivan,99,1,4/6/2022,Svoya Rubashka,,0
Volodymyr,53,1,4/6/2022,Svoya Rubashka,,0
Ruth,156,1,4/6/2022,Chamber,,0
Victoria,142,0,4/6/2022,Chamber,,0
Kostya,142,1,4/6/2022,Chamber,,0
Yaroslav,160,1,4/6/2022,Chamber,,0
Dennis,112,1,4/6/2022,Chamber,,0
Alex,76,1,4/6/2022,Chamber,,0
Olena,76,0,4/6/2022,Chamber,,0
Paul,53,1,4/6/2022,Chamber,,0
Nataly,100,0,4/6/2022,Chamber,,0
Yuki,107,0,4/9/2022,Kichijoji TMC,0,0
Kyoko,117,0,4/9/2022,Kichijoji TMC,0,0
Vadym,103,1,4/9/2022,Kichijoji TMC,0,0
Lily,96,0,4/9/2022,Kichijoji TMC,1,0
Yamada,89,1,4/9/2022,Kichijoji TMC,0,0
Junro,156,1,4/9/2022,Kichijoji TMC,0,0
Seiko,90,0,4/9/2022,Kichijoji TMC,0,0
Lily,193,0,4/9/2022,Kichijoji TMC,0,0
Sam,116,1,4/9/2022,Kichijoji TMC,0,0
Yuki,103,1,4/9/2022,Kichijoji TMC,0,0
Vadym,120,1,4/9/2022,Kichijoji TMC,0,0
Yamada,78,1,4/9/2022,Kichijoji TMC,1,0
Miho,92,1,4/9/2022,Kichijoji TMC,0,0
Nataly,113,0,4/9/2022,Dniprohills/Arttalkers,0,0
Peggy,88,0,4/9/2022,Dniprohills/Arttalkers,0,0
Ron,36,1,4/9/2022,Dniprohills/Arttalkers,0,0
Nataly,201,0,4/9/2022,Dniprohills/Arttalkers,0,0
Diana,106,0,4/9/2022,Dniprohills/Arttalkers,0,0
Nick,119,1,4/9/2022,Dniprohills/Arttalkers,0,0
Daria,100,0,4/9/2022,Dniprohills/Arttalkers,0,0
Eddie,79,1,4/9/2022,Dniprohills/Arttalkers,0,0
Brenda,65,0,4/9/2022,Dniprohills/Arttalkers,0,0
Philip,85,1,4/9/2022,Dniprohills/Arttalkers,0,0
Gary,101,1,4/9/2022,Dniprohills/Arttalkers,1,0
Diana,173,0,4/9/2022,Dniprohills/Arttalkers,0,0
Giannis,134,1,4/9/2022,Dniprohills/Arttalkers,0,0
Keith,101,1,4/9/2022,Dniprohills/Arttalkers,0,0
Lyudmyla,141,0,4/9/2022,Dniprohills/Arttalkers,0,0
Linda,123,0,4/9/2022,Dniprohills/Arttalkers,1,0
Mariya,58,0,4/13/2022,Svoya Rubashka,,0
Volodymyr,82,1,4/13/2022,Svoya Rubashka,,0
Maksym,28,1,4/13/2022,Svoya Rubashka,,0
Varvara,118,0,4/13/2022,Svoya Rubashka,,0
Mariya,94,0,4/13/2022,Svoya Rubashka,,0
Ivan,111,1,4/13/2022,Svoya Rubashka,,0
Maksym,88,1,4/13/2022,Svoya Rubashka,,0
Mariya,103,0,4/13/2022,Svoya Rubashka,,0
Ivan,101,1,4/13/2022,Svoya Rubashka,,0
Varvara,91,0,4/13/2022,Svoya Rubashka,,0
Mariya,63,0,4/13/2022,Svoya Rubashka,,0
Ivan,106,1,4/13/2022,Svoya Rubashka,,0
Mariya,40,0,4/13/2022,Svoya Rubashka,,0
Graham,103,1,4/16/2022,Dniprohills/Arttalkers,0,0
Nikolina,92,0,4/16/2022,Dniprohills/Arttalkers,0,0
Staschuk,100,0,4/16/2022,Dniprohills/Arttalkers,0,0
Daria,90,0,4/16/2022,Dniprohills/Arttalkers,0,0
Daria,57,0,4/16/2022,Dniprohills/Arttalkers,0,0
Gary,147,1,4/16/2022,Dniprohills/Arttalkers,0,0
Vitaliy,147,1,4/16/2022,Dniprohills/Arttalkers,1,0
Rochelle,75,0,4/20/2022,Chamber,,0
Yaroslav,119,1,4/20/2022,Chamber,,0
Anastasia,80,0,4/20/2022,Chamber,,0
Vadym,101,1,4/20/2022,Chamber,,0
Victoria,120,0,4/20/2022,Chamber,,0
Lubov,50,0,4/20/2022,Chamber,,0
Olha,75,0,4/20/2022,Chamber,,0
Yulia,135,0,4/20/2022,Chamber,,0
Alex,106,1,4/20/2022,Chamber,,0
Ivan,90,1,4/27/2022,Svoya Rubashka,,0
Mariya,114,0,4/27/2022,Svoya Rubashka,,0
Svetlana,120,0,4/27/2022,Svoya Rubashka,,0
Vitaliy,120,1,4/27/2022,Svoya Rubashka,,0
Varvara,167,0,4/27/2022,Svoya Rubashka,,0
Andrew,96,1,4/27/2022,Svoya Rubashka,,0
Mariya,131,0,4/27/2022,Svoya Rubashka,,0
Vitaliy,88,1,4/27/2022,Svoya Rubashka,,0
Ivan,87,1,4/27/2022,Svoya Rubashka,,0
Vitaliy,80,1,4/27/2022,Svoya Rubashka,,0
Ivan,70,1,4/27/2022,Svoya Rubashka,,0
Mariya,84,0,4/27/2022,Svoya Rubashka,,0
Vitaliy,65,1,4/27/2022,Svoya Rubashka,,0
Yana,60,0,4/27/2022,Svoya Rubashka,,0
Vitaliy,66,1,4/27/2022,Svoya Rubashka,,0
Ivan,74,0,4/27/2022,Svoya Rubashka,,0
Varvara,180,0,4/27/2022,Svoya Rubashka,,0
Mariya,67,0,4/27/2022,Svoya Rubashka,,0
Volodymyr,52,1,4/27/2022,Svoya Rubashka,,0
Svetlana,77,0,4/27/2022,Svoya Rubashka,,0
Vitaliy,60,1,4/27/2022,Svoya Rubashka,,0
 Nikolay,68,1,5/1/2022,Dniprohills/Arttalkers,0,0
 Nikolay,27,1,5/1/2022,Dniprohills/Arttalkers,0,0
Nataly,138,0,5/1/2022,Dniprohills/Arttalkers,0,0
Martin,134,1,5/1/2022,Dniprohills/Arttalkers,0,0
Alicia,85,0,5/1/2022,Dniprohills/Arttalkers,1,0
Colin,83,1,5/1/2022,Dniprohills/Arttalkers,0,0
Linda,81,0,5/1/2022,Dniprohills/Arttalkers,0,0
Nikita,155,1,5/1/2022,Dniprohills/Arttalkers,0,0
Vira,157,0,5/1/2022,Dniprohills/Arttalkers,0,0
David,120,1,5/1/2022,Dniprohills/Arttalkers,0,0
Nikolay,94,1,5/1/2022,Dniprohills/Arttalkers,0,0
Lesia,117,0,5/1/2022,Dniprohills/Arttalkers,0,0
Sergiy,103,1,5/1/2022,Dniprohills/Arttalkers,0,0
Midas,75,0,5/11/2022,Speaking Elephants TMC,0,0
Margaryta,80,0,5/11/2022,Speaking Elephants TMC,1,0
Oskar,90,1,5/11/2022,Speaking Elephants TMC,0,0
Karol,103,0,5/11/2022,Speaking Elephants TMC,0,0
Jerzy,101,1,5/11/2022,Speaking Elephants TMC,0,0
Ereka,69,0,5/14/2022,Camanava Brunch TMC,,0
Sophia,52,0,5/14/2022,Camanava Brunch TMC,,0
Carmen,147,0,5/14/2022,Camanava Brunch TMC,,0
Alfred,47,1,5/14/2022,Camanava Brunch TMC,,1
Vicente,127,0,5/14/2022,Camanava Brunch TMC,,1
Nanette,75,0,5/14/2022,Camanava Brunch TMC,,1
Khrystyna,139,0,5/15/2022,Dniprohills/Arttalkers,0,1
Alicia,129,0,5/15/2022,Dniprohills/Arttalkers,0,1
Jacek,94,1,5/15/2022,Dniprohills/Arttalkers,0,0
Lesia,164,0,5/15/2022,Dniprohills/Arttalkers,0,0
Pat,132,1,5/15/2022,Dniprohills/Arttalkers,0,0
Anastasia,150,0,5/15/2022,Dniprohills/Arttalkers,1,0
Ashok,96,1,5/15/2022,Dniprohills/Arttalkers,0,0
Volodymyr,114,1,5/15/2022,Dniprohills/Arttalkers,0,0
Yannika,64,0,5/15/2022,Dniprohills/Arttalkers,0,0
Janet,87,0,5/15/2022,Dniprohills/Arttalkers,0,0
C.J.Marks,120,1,5/15/2022,Dniprohills/Arttalkers,0,0
Steve,44,1,5/15/2022,Dniprohills/Arttalkers,0,0
Taras,115,1,5/15/2022,Dniprohills/Arttalkers,0,0
Anastasia,159,0,5/15/2022,Dniprohills/Arttalkers,1,0
Vitaliy,110,1,5/15/2022,Dniprohills/Arttalkers,0,0
C.J.Marks,115,1,5/15/2022,Dniprohills/Arttalkers,0,0
Alicia,90,0,5/17/2022,Speaking Elephants TMC,0,0
Yarek,70,1,5/17/2022,Speaking Elephants TMC,0,0
Alex,90,1,5/17/2022,Speaking Elephants TMC,1,0
Jerzy,160,1,5/17/2022,Speaking Elephants TMC,0,0
Marcin,95,1,5/17/2022,Speaking Elephants TMC,0,0
Margaryta,105,0,5/17/2022,Speaking Elephants TMC,0,0
Daria,105,0,5/17/2022,Speaking Elephants TMC,0,0
Mae,90,0,5/17/2022,Speaking Elephants TMC,0,0
Piotr,65,1,5/17/2022,Speaking Elephants TMC,0,1
Yulia,60,0,5/17/2022,Speaking Elephants TMC,0,1
Alex,68,1,5/18/2022,Chamber,,1
Erika,117,0,5/18/2022,Chamber,,1
Daria,98,0,5/18/2022,Chamber,,1
Nataly,103,0,5/18/2022,Chamber,,1
Yulia,129,0,5/18/2022,Chamber,,1
Mariya,55,0,5/18/2022,Svoya Rubashka,,1
Veronika,104,0,5/18/2022,Svoya Rubashka,,1
Veronika,96,0,5/18/2022,Svoya Rubashka,,1
Volodymyr,48,1,5/18/2022,Svoya Rubashka,,0
Mariya,69,0,5/18/2022,Svoya Rubashka,,0
Yana,127,0,5/18/2022,Svoya Rubashka,,0
Veronika,60,0,5/18/2022,Svoya Rubashka,,0
Kyrylo,132,1,5/18/2022,Svoya Rubashka,,0
Unknown,62,0,5/18/2022,Svoya Rubashka,,0
Veronika,51,0,5/18/2022,Svoya Rubashka,,0
Ivan,108,1,5/18/2022,Svoya Rubashka,,0
Veronika,110,0,5/18/2022,Svoya Rubashka,,0
Mariya,53,0,5/18/2022,Svoya Rubashka,,0
Ivan,57,1,5/18/2022,Svoya Rubashka,,0
Mariya,47,0,5/18/2022,Svoya Rubashka,,0
Veronika,130,0,5/18/2022,Svoya Rubashka,,0
Kyrylo,115,1,5/18/2022,Svoya Rubashka,,0
Volodymyr,46,1,5/18/2022,Svoya Rubashka,,0
Volodymyr,103,1,5/25/2022,Svoya Rubashka,,0
Veronika,154,0,5/25/2022,Svoya Rubashka,,0
Valentyna,84,0,5/25/2022,Svoya Rubashka,,0
Mariya,96,0,5/25/2022,Svoya Rubashka,,0
Mariya,80,0,5/25/2022,Svoya Rubashka,,0
Valentyna,90,0,5/25/2022,Svoya Rubashka,,0
Kate,85,0,5/25/2022,Svoya Rubashka,,0
Mariya,79,0,5/25/2022,Svoya Rubashka,,0
Veronika,129,0,5/25/2022,Svoya Rubashka,,0
Mariya,93,0,5/25/2022,Svoya Rubashka,,0
Kate,91,0,5/25/2022,Svoya Rubashka,,0
Varvara,128,0,5/25/2022,Svoya Rubashka,,0
Valentyna,123,0,5/25/2022,Svoya Rubashka,,0
Mariya,102,0,5/25/2022,Svoya Rubashka,,0
Veronika,128,0,5/25/2022,Svoya Rubashka,,0
Mariya,100,0,5/25/2022,Svoya Rubashka,,0
Valentyna,94,0,5/25/2022,Svoya Rubashka,,0
Mariya,90,0,5/25/2022,Svoya Rubashka,,0
Varvara,127,0,5/25/2022,Svoya Rubashka,,0
Veronika,55,0,5/25/2022,Svoya Rubashka,,0
Vira,122,0,5/25/2022,Svoya Rubashka,,0
Vitaliy,196,1,5/25/2022,Svoya Rubashka,,0
Volodymyr,119,1,5/25/2022,Svoya Rubashka,,0
Andrew,120,1,5/25/2022,Chamber,,0
Lubov,106,0,5/25/2022,Chamber,,0
Victoria,137,0,5/25/2022,Chamber,,0
Yaroslav,205,1,5/25/2022,Chamber,,0
Nataly,172,0,5/25/2022,Chamber,,0
Ruslan,66,1,5/25/2022,Chamber,,0
Michael,136,1,5/25/2022,Chamber,,0
Mariya,51,0,6/1/2022,Svoya Rubashka,,0
Ivan,40,1,6/1/2022,Svoya Rubashka,,0
Me,61,0,6/1/2022,Svoya Rubashka,,0
Mariya,70,0,6/1/2022,Svoya Rubashka,,0
Victoria,44,0,6/1/2022,Svoya Rubashka,,0
Mariya,137,0,6/1/2022,Svoya Rubashka,,0
Kyrylo,111,1,6/1/2022,Svoya Rubashka,,0
Mariya,134,0,6/1/2022,Svoya Rubashka,,0
Mariya,84,0,6/1/2022,Svoya Rubashka,,0
Varvara,126,0,6/1/2022,Svoya Rubashka,,0
Ivan,77,1,6/1/2022,Svoya Rubashka,,0
Mariya,140,0,6/1/2022,Svoya Rubashka,,0
Mariya,104,0,6/1/2022,Svoya Rubashka,,0
Varvara,114,0,6/1/2022,Svoya Rubashka,,0
Maksym,50,1,6/1/2022,Svoya Rubashka,,0
Mariya,127,0,6/1/2022,Svoya Rubashka,,0
Volodymyr,23,1,6/1/2022,Svoya Rubashka,,0
Mariya,75,0,6/1/2022,Svoya Rubashka,,0
Volodymyr,60,1,6/1/2022,Svoya Rubashka,,0
Ivan,80,1,6/1/2022,Svoya Rubashka,,0
Varvara,140,0,6/1/2022,Svoya Rubashka,,0
Mariya,45,0,6/1/2022,Svoya Rubashka,,0
Volodymyr,67,1,6/1/2022,Svoya Rubashka,,0
Yulia,114,0,6/1/2022,Chamber,0,0
Anastasia,77,0,6/1/2022,Chamber,0,0
Nataly,125,0,6/1/2022,Chamber,0,0
Dennis,90,1,6/1/2022,Chamber,0,0
Yaroslav,105,1,6/1/2022,Chamber,0,0
Ruslan,105,1,6/1/2022,Chamber,0,0
Alyona,75,0,6/1/2022,Chamber,1,0
Andrew,125,1,6/1/2022,Chamber,0,0
Graham,91,1,6/5/2022,Dniprohills/Arttalkers,0,0
Taras ,121,1,6/5/2022,Dniprohills/Arttalkers,0,0
Dmytro,100,1,6/5/2022,Dniprohills/Arttalkers,1,0
Author,118,1,6/5/2022,Dniprohills/Arttalkers,0,0
Andrew,102,1,6/5/2022,Dniprohills/Arttalkers,0,0
Graham,90,1,6/5/2022,Dniprohills/Arttalkers,0,0
Nikolay,143,1,6/5/2022,Dniprohills/Arttalkers,0,0
Vira,115,0,6/5/2022,Dniprohills/Arttalkers,0,0
Nataly,160,0,6/5/2022,Dniprohills/Arttalkers,0,1
Nataly,120,0,6/5/2022,Dniprohills/Arttalkers,0,1
Vadym,125,1,6/5/2022,Dniprohills/Arttalkers,0,1
Takanawa,105,0,6/7/2022,Nagasaki TMC,0,1
Matsumoto,100,1,6/7/2022,Nagasaki TMC,0,1
Vadym,125,1,6/7/2022,Nagasaki TMC,1,1
Izumi,120,0,6/7/2022,Nagasaki TMC,1,1
Alex ,97,1,6/8/2022,Chamber,,1
Michael,108,1,6/8/2022,Chamber,,1
Jeff,120,1,6/8/2022,Chamber,,1
Anna,80,0,6/8/2022,Chamber,,1
Allis,165,0,6/8/2022,Chamber,,0
Volodymyr,162,1,6/11/2022,Dniprohills/Arttalkers,0,0
Jasmine,9,0,6/11/2022,Dniprohills/Arttalkers,0,0
Nataly,144,0,6/11/2022,Dniprohills/Arttalkers,0,0
Jasmine,134,0,6/11/2022,Dniprohills/Arttalkers,0,0
Eric,137,1,6/11/2022,Dniprohills/Arttalkers,0,0
Ksenia,118,0,6/11/2022,Dniprohills/Arttalkers,0,0
C.J.Marks,116,1,6/11/2022,Dniprohills/Arttalkers,0,0
Lesia,169,0,6/11/2022,Dniprohills/Arttalkers,0,0
Janet,81,0,6/11/2022,Dniprohills/Arttalkers,0,0
Kevin,139,1,6/11/2022,Dniprohills/Arttalkers,1,0
Ruslan,151,1,6/16/2022,Chamber,,0
Yulia,119,0,6/16/2022,Chamber,,0
Vladyslav,101,1,6/16/2022,Chamber,,0
Alex,126,1,6/16/2022,Chamber,,0
Jag,101,1,6/16/2022,Chamber,,0
Narjess,108,0,6/29/2022,Chamber,,0
Svetlana,65,0,6/29/2022,Chamber,,0
Craig,65,1,6/29/2022,Chamber,,0
Oleksandr,63,1,6/29/2022,Chamber,,0
Dounia,127,0,6/29/2022,Chamber,,0
Yulia,91,0,6/29/2022,Chamber,,0
Victoria,132,0,6/29/2022,Chamber,,0
Vladyslav,95,1,6/29/2022,Chamber,,0
Yaroslav,108,1,6/29/2022,Chamber,,0
Dounia,134,0,7/7/2022,Chamber,,0
Alex,125,1,7/7/2022,Chamber,,0
Daria,61,0,7/7/2022,Chamber,,0
Svetlana,100,0,7/7/2022,Chamber,,0
Vlad,40,1,7/7/2022,Chamber,,0
Olena,90,0,7/7/2022,Chamber,,0
Nataly,70,0,7/7/2022,Chamber,,0
Ruslan,150,1,7/7/2022,Chamber,,0
Yaroslav,73,1,7/13/2022,Svoya Rubashka,0,0
Varvara,124,0,7/13/2022,Svoya Rubashka,0,0
Kyrylo,140,1,7/13/2022,Svoya Rubashka,1,0
Sergiy,163,1,7/13/2022,Svoya Rubashka,0,0
Kyrylo,135,1,7/13/2022,Svoya Rubashka,1,0
Veronika,153,0,7/13/2022,Svoya Rubashka,0,0
Mariya,127,0,7/13/2022,Svoya Rubashka,0,0
Veronika,209,0,7/13/2022,Svoya Rubashka,0,0
Mariya,159,0,7/13/2022,Svoya Rubashka,0,0
Ivan,107,1,7/13/2022,Svoya Rubashka,0,0
Veronika,149,0,7/13/2022,Svoya Rubashka,0,0
Vadym,118,1,7/13/2022,Svoya Rubashka,0,0
Sergiy,115,1,7/13/2022,Svoya Rubashka,0,0
Vadym,105,1,7/13/2022,Svoya Rubashka,0,0
Veronika,169,0,7/13/2022,Svoya Rubashka,0,0
Mariya,105,0,7/13/2022,Svoya Rubashka,0,0
Kyrylo,127,1,7/13/2022,Svoya Rubashka,1,0
Mariya,89,0,7/13/2022,Svoya Rubashka,0,0
Alyona,118,0,7/13/2022,Chamber,0,0
Rochelle,65,0,7/13/2022,Chamber,0,0
Dounia,99,0,7/13/2022,Chamber,0,0
Lubov,99,0,7/13/2022,Chamber,0,0
Iryna,65,0,7/13/2022,Chamber,1,0
Ruslan,120,1,7/13/2022,Chamber,0,0
Alex,187,1,7/13/2022,Chamber,0,0
Andrew,120,1,7/13/2022,Chamber,0,0
April,126,0,7/19/2022,Changemakers,0,0
Sandra,71,0,7/19/2022,Changemakers,0,0
Vadym,125,1,7/19/2022,Changemakers,0,0
Sergiy,183,1,7/19/2022,Changemakers,0,0
Sagar,104,1,7/19/2022,Changemakers,1,0
Vyacheslav,92,1,7/19/2022,Changemakers,0,0
Daria,63,0,7/19/2022,Changemakers,0,0
Maksym,120,1,7/20/2022,Svoya Rubashka,,0
Yaroslav,60,1,7/20/2022,Svoya Rubashka,,0
Veronika,125,0,7/20/2022,Svoya Rubashka,,0
Sergiy,150,1,7/20/2022,Svoya Rubashka,,0
Kyrylo,120,1,7/20/2022,Svoya Rubashka,,0
Mariya,105,0,7/20/2022,Svoya Rubashka,,0
Ivan,110,1,7/20/2022,Svoya Rubashka,,0
Mariya,115,0,7/20/2022,Svoya Rubashka,,0
Mariya,90,0,7/20/2022,Svoya Rubashka,,0
Yaroslav,72,1,7/20/2022,Svoya Rubashka,,0
Veronika,165,0,7/20/2022,Svoya Rubashka,,0
Maryna,90,0,7/20/2022,Svoya Rubashka,,0
Veronika,100,0,7/20/2022,Svoya Rubashka,,0
Volodymyr,115,1,7/20/2022,Svoya Rubashka,,0
Ivan,120,1,7/20/2022,Svoya Rubashka,,0
Kyrylo,120,1,7/20/2022,Svoya Rubashka,,0
Victoria,40,0,7/20/2022,Svoya Rubashka,,0
Anna,90,0,7/20/2022,Svoya Rubashka,,0
Yaroslav,70,1,7/20/2022,Svoya Rubashka,,0
Andrew,110,1,7/20/2022,Chamber,,0
Rochelle,76,0,7/20/2022,Chamber,,0
Dennis,135,1,7/20/2022,Chamber,,0
Alex,125,1,7/20/2022,Chamber,,0
Alyona,88,0,7/20/2022,Chamber,,0
Dmytro,127,1,7/21/2022,KOMA,,0
Vadym,158,1,7/21/2022,KOMA,,0
Varvara,76,0,7/21/2022,KOMA,,0
Mariya,106,0,7/21/2022,KOMA,,0
Oleksandr,153,1,7/21/2022,KOMA,,0
Mariya,184,0,7/21/2022,KOMA,,0
Ostap,66,1,7/21/2022,KOMA,,0
Vitaliy,156,1,7/27/2022,Chamber,,0
Sergiy,146,1,7/27/2022,Chamber,,0
Nataly,107,0,7/27/2022,Chamber,,0
Yaroslav,180,1,7/27/2022,Chamber,,0
Olha,117,0,7/27/2022,Chamber,,0
Andrew,132,1,7/27/2022,Chamber,,0
Dounia,120,0,7/27/2022,Chamber,,0
Kate,107,0,7/27/2022,Svoya Rubashka,0,0
Volodymyr,93,1,7/27/2022,Svoya Rubashka,0,0
Veronika,161,0,7/27/2022,Svoya Rubashka,0,0
Ivan,127,1,7/27/2022,Svoya Rubashka,0,0
Daria,118,0,7/27/2022,Svoya Rubashka,0,0
Valeria,95,0,7/27/2022,Svoya Rubashka,0,0
Lubov,85,0,7/27/2022,Svoya Rubashka,0,0
Victoria,92,0,7/27/2022,Svoya Rubashka,1,0
Victoria,105,0,7/27/2022,Svoya Rubashka,0,0
Vitaliy,133,1,7/27/2022,Svoya Rubashka,0,0
Veronika,191,0,7/27/2022,Svoya Rubashka,0,0
Mariya,113,0,7/27/2022,Svoya Rubashka,0,0
Varvara,142,0,7/27/2022,Svoya Rubashka,0,0
Andrew,71,1,8/3/2022,Chamber,1,0
Nataly,98,0,8/3/2022,Chamber,0,0
Yaroslav,133,1,8/3/2022,Chamber,0,0
Vladyslav,80,1,8/3/2022,Chamber,0,0
Victoria,111,0,8/3/2022,Chamber,0,0
Yaroslav,85,1,8/3/2022,Chamber,0,0
Alex,104,1,8/3/2022,Chamber,0,0
Andrew,118,1,8/11/2022,Chamber,,0
Olha,135,0,8/11/2022,Chamber,,0
Rochelle,143,0,8/11/2022,Chamber,,0
Yaroslav,186,1,8/11/2022,Chamber,,0
Lubov,120,0,8/11/2022,Chamber,,0
Nataly,184,0,8/11/2022,Chamber,,0
Iryna,100,0,8/11/2022,Chamber,,0
Olena,115,0,8/11/2022,Chamber,,0
Anastasia,112,0,8/11/2022,Chamber,,0
Nataly,70,0,8/14/2022,Dniprohills/Arttalkers,0,0
Svetlana,118,0,8/14/2022,Dniprohills/Arttalkers,0,0
Alex,75,1,8/14/2022,Dniprohills/Arttalkers,0,0
Vadym,148,1,8/14/2022,Dniprohills/Arttalkers,0,0
Steven,103,1,8/14/2022,Dniprohills/Arttalkers,0,0
Adrash,95,1,8/14/2022,Dniprohills/Arttalkers,0,0
Kevin,125,1,8/14/2022,Dniprohills/Arttalkers,1,0
Margaryta,100,0,8/14/2022,Dniprohills/Arttalkers,1,0
Nataly,125,0,8/14/2022,Dniprohills/Arttalkers,0,0
Alex,123,1,8/17/2022,Chamber,,0
Rochelle,110,0,8/17/2022,Chamber,,0
Svetlana,182,0,8/17/2022,Chamber,,0
Alyona,96,0,8/17/2022,Chamber,,0
Andrew,127,0,8/17/2022,Chamber,,0
Vladyslav,83,1,8/17/2022,Chamber,,0
Vira,172,0,8/20/2022,Dniprohills,,0
Nataly,144,0,8/20/2022,Dniprohills,,0
Volodymyr,109,1,8/20/2022,Dniprohills,,0
Andrew,160,1,8/20/2022,Dniprohills,,0
Yulia,182,0,8/20/2022,Dniprohills,,0
Eddie,80,1,8/20/2022,Dniprohills,,0
Tetiana,153,0,8/20/2022,Dniprohills,,0
Victoria,75,0,8/31/2022,Svoya Rubashka,,0
Sergiy,101,1,8/31/2022,Svoya Rubashka,,0
Sergiy,130,1,8/31/2022,Svoya Rubashka,,0
Anna,74,0,8/31/2022,Svoya Rubashka,,0
Veronika,125,0,8/31/2022,Svoya Rubashka,,0
Sergiy,113,1,8/31/2022,Svoya Rubashka,,0
Mariya,153,0,8/31/2022,Svoya Rubashka,,0
Victoria,99,0,8/31/2022,Svoya Rubashka,,0
Anna,106,0,8/31/2022,Svoya Rubashka,,0
Sergiy,110,1,8/31/2022,Svoya Rubashka,,0
Tsvitanna,141,0,8/31/2022,Svoya Rubashka,,0
Yaroslav,158,1,8/31/2022,Svoya Rubashka,,0
Rochelle,75,0,8/31/2022,Chamber,,0
Tetiana,76,0,8/31/2022,Chamber,,0
Alex,135,1,8/31/2022,Chamber,,0
Nikita,74,1,8/31/2022,Chamber,,0
Marwan,67,1,8/31/2022,Chamber,,0
Vladyslav,63,1,8/31/2022,Chamber,,0
Olena,95,0,8/31/2022,Chamber,,0
Lubov,70,0,8/31/2022,Chamber,,0
Alex,103,1,9/7/2022,Chamber,,0
Nikita,68,0,9/7/2022,Chamber,,0
Vladyslav,51,1,9/7/2022,Chamber,,0
Andrew,125,1,9/7/2022,Chamber,,0
Ruslan,105,1,9/7/2022,Chamber,,0
Maksym,171,1,9/7/2022,Svoya Rubashka,,0
Kyrylo,99,1,9/7/2022,Svoya Rubashka,,0
Veronika,104,0,9/7/2022,Svoya Rubashka,,0
Mariya,110,0,9/7/2022,Svoya Rubashka,,0
Mariya,134,0,9/7/2022,Svoya Rubashka,,0
Valeria,168,1,9/7/2022,Svoya Rubashka,,0
Kyrylo,132,1,9/7/2022,Svoya Rubashka,,0
Veronika,161,0,9/7/2022,Svoya Rubashka,,0
Andrew,128,1,9/7/2022,Svoya Rubashka,,0
Yana,158,0,9/7/2022,Svoya Rubashka,,0
Volodymyr,90,1,9/7/2022,Svoya Rubashka,,0
Mariya,131,0,9/7/2022,Svoya Rubashka,,0
Mariya,115,0,9/7/2022,Svoya Rubashka,,0
Mariya,150,0,9/7/2022,Svoya Rubashka,,0
Valeria,120,0,9/7/2022,Svoya Rubashka,,0
Dennis,110,1,9/14/2022,Chamber,,0
Lubov,76,0,9/14/2022,Chamber,,0
Yaroslav,127,1,9/14/2022,Chamber,,0
Svetlana,83,0,9/14/2022,Chamber,,0
Fedor,160,1,9/14/2022,Chamber,,0
Rochelle,80,0,9/14/2022,Chamber,,0
Dounia,155,0,9/14/2022,Chamber,,0
Michael,176,1,9/14/2022,Chamber,,0
Yanda,73,0,9/14/2022,Chamber,,0
Eleos ,132,1,9/21/2022,Chamber,,0
Marutesh,112,1,9/21/2022,Chamber,,0
Nazneen,117,0,9/21/2022,Chamber,,0
Mykola,117,1,9/21/2022,Chamber,,0
Santosh,112,1,9/21/2022,Chamber,,0
Ihor,34,1,9/21/2022,Chamber,,0
John,77,1,9/21/2022,Chamber,,0
Andrew,128,1,9/28/2022,Chamber,,0
Alex,170,1,9/28/2022,Chamber,,0
Svetlana,140,0,9/28/2022,Chamber,,0
Ihor,200,1,9/28/2022,Chamber,,0
Dounia,138,0,9/28/2022,Chamber,,0
Nataly,145,0,9/28/2022,Chamber,,0
Rochelle,120,0,9/28/2022,Chamber,,0
Vladyslav,103,1,9/28/2022,Chamber,,0
Tetiana,120,0,10/5/2022,Chamber,,0
Alex,101,1,10/5/2022,Chamber,,0
Rochelle,105,0,10/5/2022,Chamber,,0
Nataly,119,0,10/5/2022,Chamber,,0
Dounia,140,0,10/5/2022,Chamber,,0
Andrew,117,1,10/5/2022,Chamber,,0
Iryna,77,0,10/5/2022,Chamber,,0
Iryna,149,0,11/2/2022,Chamber,,0
Michael,97,1,11/2/2022,Chamber,,0
Nikita,77,0,11/2/2022,Chamber,,0
Svetlana,126,0,11/2/2022,Chamber,,0
Ruslan,80,1,11/2/2022,Chamber,,0
Dounia,133,0,11/2/2022,Chamber,,0
Dennis,111,1,11/9/2022,Chamber,,0
Alex,101,1,11/9/2022,Chamber,,0
Andrew,123,1,11/9/2022,Chamber,,0
Iryna,142,0,11/9/2022,Chamber,,0
Michael,101,1,11/9/2022,Chamber,,0
Nikita,81,0,11/9/2022,Chamber,,0
Nataly,132,0,11/30/2022,Chamber,,0
Alex,136,1,11/30/2022,Chamber,,0
Lubov,62,0,11/30/2022,Chamber,,0
Noor,90,0,11/30/2022,Chamber,,0
Prem,104,0,11/30/2022,Chamber,,0
Sanji,135,0,11/30/2022,Chamber,,0
Maksym,75,1,12/7/2022,Svoya Rubashka,,0
Veronika,100,0,12/7/2022,Svoya Rubashka,,0
Victoria,69,0,12/7/2022,Svoya Rubashka,,0
Mariya,73,0,12/7/2022,Svoya Rubashka,,0
Alex,86,1,12/7/2022,Svoya Rubashka,,0
Veronika,116,0,12/7/2022,Svoya Rubashka,,0
Vitaliy,155,1,12/7/2022,Svoya Rubashka,,0
Victoria,153,0,12/7/2022,Svoya Rubashka,,0
Mariya,124,0,12/7/2022,Svoya Rubashka,,0
Maksym,45,1,12/7/2022,Svoya Rubashka,,0
Alex,95,1,12/7/2022,Svoya Rubashka,,0
Veronika,88,0,12/7/2022,Svoya Rubashka,,0
Victoria,108,0,12/7/2022,Svoya Rubashka,,0
Dounia,97,0,12/7/2022,Chamber,,0
Anna,50,0,12/7/2022,Chamber,,0
Dennis,115,1,12/7/2022,Chamber,,0
Rochelle,106,0,12/7/2022,Chamber,,0
Svetlana,112,0,12/7/2022,Chamber,,0
Alex,112,1,12/7/2022,Chamber,,0
Vadym,136,1,12/7/2022,Chamber,,0
Inderjeet,90,0,12/14/2022,Chamber,,0
Dhwani,129,0,12/14/2022,Chamber,,0
Tetiana,136,0,12/14/2022,Chamber,,0
Alex,86,1,12/14/2022,Chamber,,0
Ihor,106,1,12/14/2022,Chamber,,0
Andrew,179,1,12/14/2022,Chamber,,0
Volodymyr,66,1,12/18/2022,Dniprohills,0,0
Janet,89,0,12/18/2022,Dniprohills,0,0
Murataza,142,1,12/18/2022,Dniprohills,0,0
Eric,126,1,12/18/2022,Dniprohills,0,0
Laura,131,0,12/18/2022,Dniprohills,0,0
Nataly,159,1,12/18/2022,Dniprohills,0,0
Alicia,120,0,12/18/2022,Dniprohills,1,0
Sergiy,97,1,12/18/2022,Dniprohills,0,0
